bad,good
financial company,personal information
identifiable information,personal data
unauthorized access,privacy shield
applicable deliver,data protection
applicable save,use personal
interest applicable,third party
stored partial,privacy policy
partial identifier,service provider
material concern,process personal
cooky applicable,processing personal
trademark copyrighted,protection law
identifier use,collect information
feel free,product service
free contact,legitimate interest
privacy statement,exercise right
gather broad,legal basis
refuse cooky,disclose personal
choice please,may also
site service,contact detail
web property,service website
password enter,marketing communication
enter time,law may
please feel,legal obligation
website address,information collected
make choice,shield framework
save password,applicable law
site user,please contact
address used,access personal
content specific,retain personal
browser refuse,social medium
server administer,provide service
specific interest,service provide
statement practice,information may
address help,protection personal
used gather,site service
demographic information,applicable data
needed use,comply legal
broad demographic,legal requirement
eligible special,tracking technology
concern please,computer mobile
line needed,transfer personal
contact line,protection authority
user question,website service
administer website,site internet
problem server,detail provided
diagnose problem,data processing
ask give,medium service
also use,may collect
offer site,level protection
web site,data collected
personally identifiable,share information
deliver content,may disclose
help diagnose,contact information
copyrighted material,may include
cooky user,shield principle
may eligible,may share
contact demographic,cookie policy
use address,share personal
please understand,using contact
user like,business partner
special promotion,data controller
information stored,regarding personal
send site,business asset
use trademark,data subject
communication receive,information long
time visit,stored processed
set browser,disclosure personal
question privacy,provide personal
cooky small,example may
give contact,object processing
site visitor,put place
customer information,information collect
cooky make,promotional material
register use,swiss privacy
may set,right object
understand may,track signal
name address,marketing email
promotion may,processing activity
practice site,data collect
information contact,disclosure necessary
protecting personal,group company
protect personally,use disclosure
website collect,withdraw consent
service also,data processed
law good,government authority
posting change,web service
employer customer,described privacy
web form,legitimate business
website web,service use
cookie stored,would like
sharing process,copy personal
prefer receive,may combine
information register,use disclose
following privacy,protect right
like information,party cooky
material provided,mobile device
site use,appropriate safeguard
agent service,permitted applicable
identifying information,file complaint
access computer,processing data
faith belief,long necessary
identify user,collect personal
world wide,ensure personal
circumstance protect,data purpose
offering may,information use
may limited,dispute resolution
website user,purpose collected
purpose permitted,believe necessary
share customer,service requested
erase cooky,may use
personal safety,necessary comply
employee business,user information
wide web,information information
may placed,based consent
website following,please note
browser set,processing based
based advertising,also right
use cooky,right access
statement please,link website
computer cookie,end privacy
need share,verify identity
understand personal,also may
otherwise share,information cooky
user public,property infringement
address email,cooky set
please read,understand privacy
turn cooky,using cooky
content material,business interest
traffic pattern,delete personal
require provide,respect personal
modify privacy,data hold
information anonymous,adequate level
team member,ask consent
email list,cooky used
information send,us personal
accept cooky,information purpose
remove portion,measure protect
service offering,similar technology
personal non,direct marketing
belief action,lawful request
time personal,marketing purpose
accept change,information product
submit information,basis processing
acknowledge agree,partner may
misuse alteration,combine information
committed protecting,contact address
site application,collected site
mail address,job applicant
asset acquired,information hold
certain service,purpose described
information operate,use information
name version,certain right
particular site,necessary purpose
agree may,security personal
material site,request information
domain name,operating system
privacy provide,information privacy
updated privacy,information request
service need,analytics tool
revoke consent,home country
protect personal,information without
insurance company,information give
privacy term,information transferred
privacy data,may transfer
protect integrity,subsidiary may
damage including,browser type
statistical purpose,required permitted
available service,data provide
data gathered,request government
company company,legal process
website visitor,following circumstance
ad server,respond request
site agree,cooky policy
federal law,processing necessary
visit web,information please
privacy please,framework swiss
postal address,information protection
collect data,retention period
small text,cookie preference
website consent,see cookie
computer hard,cooky track
link bottom,may stored
include financial,type version
email time,request deletion
may provided,collect may
liable loss,allowed law
please submit,request public
job application,party service
decline cooky,lodge complaint
number assigned,data third
access service,usage information
purpose cookie,cooky similar
survey information,privacy practice
use various,contacting using
web analytics,contact using
read notice,tracking tool
identification information,end policy
service inc,disclosure alteration
safe harbor,currently respond
privacy important,information exercise
company help,automated mean
process served,necessary appropriate
information product,permitted law
express consent,data may
revised privacy,protection officer
keep track,data privacy
keeping purpose,right property
law comply,transferred stored
term mean,national security
site reserve,information user
site intended,resolve dispute
information always,reasonably necessary
via mail,misuse unauthorized
read following,subject law
user hard,affiliated entity
session cookie,certain information
safeguarding privacy,agreement protect
customer continue,anonymous data
information provide,information within
specific purpose,tool com
provided user,email address
safety user,please see
user shall,make site
action necessary,please email
site may,device use
personally identifying,may transferred
check privacy,help menu
system data,email clicking
may offer,information longer
device visit,apply term
computer website,safety safety
necessary conform,additional information
stored browser,use data
customer personal,data portability
referring website,receive marketing
commercial email,identify individual
looking information,accordance privacy
aggregate statistic,confirm identity
information server,consent time
limit sharing,posted page
cooky cookie,use tracking
including limited,user personal
many website,data includes
may use,subsequently authorized
warning cookie,obligation resolve
defend right,cooky please
certain area,enforcement requirement
address collect,information shall
visitor website,provide requested
following posting,perform contract
information never,information com
address mail,accordance data
service may,contact heading
traffic data,provided contact
drive block,related email
person organization,resolve complaint
otherwise distribute,certain circumstance
following policy,controller personal
use website,providing service
understand type,aware child
text file,analyze information
cookie collect,originally collected
reason may,process request
may ask,data transfer
request form,policy notify
provide website,country may
electronic communication,country residence
product program,policy describes
information include,keep personal
receive warning,right data
governs use,collect use
purpose information,information using
deliver virus,provider located
receive information,privacy cooky
protect defend,visit site
accuracy reliability,name contact
provide general,send marketing
cooky usually,give opportunity
provided informational,longer necessary
concerning privacy,federal trade
question concerning,trade commission
collect share,circumstance may
acceptance cooky,may able
affiliate officer,become aware
revealing personal,provider use
order legal,physical safeguard
improve service,within reasonable
order determine,safety others
visitor come,send letter
server information,collect receive
policy notice,provider may
provide voluntarily,communication product
contact provide,right regarding
cooky browser,access disclosure
credit card,request may
outside party,party affiliate
prevent unauthorized,customer others
user computer,policy website
account respond,meet national
mean accept,prior change
operate improve,help operate
stored computer,law enforcement
last name,encourage read
plug in,type operating
section list,signal mechanism
cooky provide,affiliated company
information following,website provide
website question,menu learn
practice content,collection use
improve website,protected health
cooky ensure,policy also
however guarantee,longer required
technical method,platform may
business section,information relation
also gather,clinical trial
anyone outside,improve product
policy understand,dispute enforce
help improve,authority including
various technology,web analytics
service responsible,subject local
provide data,visit gov
sending email,email also
hard drive,nature information
report credit,use cooky
tailor website,certain personal
using internet,including purpose
example type,information general
used marketing,100 secure
email sent,process use
reason financial,secure guarantee
governing use,time across
informational purpose,contractual clause
secure environment,processing order
cooky receive,may retain
choose share,required applicable
longer customer,enforce apply
use technical,contact privacy
content web,able provide
financial product,binding arbitration
browser device,information government
permitted required,identified information
specific privacy,information allows
one site,information ask
also collect,read privacy
individual right,update privacy
policy post,presented effective
without cooky,allow third
every effort,user visit
order improve,movement around
collected please,may contact
list reason,website resource
share whether,fraud prevention
system service,view certification
opt cookie,text messaging
whether limit,submit complaint
continue share,object use
obtained use,ask send
customer employee,order complete
respective officer,consistent privacy
required law,information automatically
access maintain,service offer
alteration information,data analysis
safety security,take reasonable
address business,data certain
website accessed,longer wish
consent receive,receiving marketing
loss damage,support service
protect customer,choice section
certain functionality,policy personal
privacy com,information generally
sell rent,visited site
tell collect,right lodge
provided party,top privacy
committed safeguarding,email newsletter
used collect,also collect
provide notice,website may
email mailing,appropriate technical
transfer personally,legal entity
browser information,information defined
information notice,information outside
add remove,browser track
credit bureau,via website
preference interest,identification number
small piece,using detail
process transaction,combined information
provider affiliate,provide company
information relating,complaint data
share depend,follow instruction
modify add,data provided
effective upon,right request
content advertising,local data
full advantage,address provided
consult privacy,order comply
gain unauthorized,service request
detailed information,use visit
file may,person responsible
choose turn,information service
including address,use analytics
receive email,process respond
conduct research,whose personal
continued use,request soon
protecting information,website activity
non commercial,name email
display advertising,information respond
subsidiary affiliate,page use
information linked,service social
telephone number,sensitivity personal
depend product,data please
company subsidiary,obligation may
address cooky,period time
link information,portion business
whole part,enter information
change website,activity site
maintain account,necessary provide
right modify,requested service
information put,opt collection
compile aggregate,relation personal
changing setting,enforce agreement
order complete,device may
user preference,measure ensure
address telephone,information personal
purpose may,provided data
party without,potential risk
time would,data maintain
statement privacy,server log
person entity,application service
information technical,information necessary
service privacy,purpose example
information anyone,order provide
run everyday,please send
providing data,collected please
want personal,retain certain
receive communication,handle personal
sharing federal,ground processing
discretion change,pharmaceutical inc
function properly,merger acquisition
contact phone,information already
first last,medium account
please refer,first party
policy protect,reasonable step
treat information,interest use
quality service,property safety
retain right,register receive
company perform,gather demographic
site unless,buy business
collect information,interest third
registration information,necessary prevent
policy update,service require
providing personal,consent legal
site require,information social
registration process,technical information
information available,browser plug
respond court,entity may
account data,long needed
customer data,may interest
unless provide,economic area
example cooky,longer needed
may identify,otherwise required
despite effort,policy please
use time,website email
agreement financial,learn change
statistical information,ensure content
disclosed privacy,affiliate purpose
transfer agent,platform information
also requires,business purpose
address name,technical physical
deleting cooky,mechanism provide
data practice,information source
operation service,including connection
may collect,applicable legal
user customer,needed purpose
area web,provide product
website company,use third
related site,work behalf
provider acting,website includes
notice carefully,enable use
review statement,analytics provider
consent individual,portion asset
use information,request question
natural gas,right please
time posting,regarding use
improper use,connection service
requires tell,alteration destruction
report information,site page
making purchase,make material
file placed,data processor
described notice,let know
give consumer,contact section
way information,enforcement power
cookie browser,certain data
access may,protection data
address company,party example
data collected,information require
email website,information applicable
small file,collected subsequently
acquired third,inside outside
website deliver,comply request
company choose,material change
intended provide,following instruction
time referring,cross border
may sole,ensure adequate
assigned computer,control including
regulation governing,supervisory authority
acting behalf,comply subpoena
certain limited,update correct
advised possibility,application website
loss alteration,requested product
set policy,subject applicable
cooky changing,network website
able take,responsible personal
browser stored,cooky tracking
secured file,service may
address social,request within
information data,base whole
processing order,data including
collect retain,information activity
liability damage,company organization
layer technology,party may
periodically change,service support
set accept,page view
log data,require provide
subsidiary business,technology cooky
individual may,prominent notice
website choose,may withdraw
change modify,including meet
product information,access would
submit may,automated decision
including cooky,service visit
purpose processing,individual name
time may,period personal
also combine,information access
cooky part,take step
personal identification,privacy principle
safeguard secured,processing information
consumer right,erase personal
share rent,privacy protection
law give,data security
data server,service user
computer hardware,term privacy
purpose improve,collected processed
customized content,data accordance
derivative work,developing new
account agree,alternatively may
except may,public authority
payment health,type cooky
investigation report,law retain
non exclusive,purpose mean
make website,please direct
unique user,event reorganization
selecting appropriate,collectively referred
name access,mean applicable
computer safeguard,obtain information
consequential damage,using data
personalized content,including internet
respond claim,hold accurate
handling practice,act behalf
device browser,ensure appropriate
indirect consequential,consent change
incomplete inaccurate,include contact
access use,marketing related
device information,security measure
statistic regarding,loss connection
age gender,may involve
care operation,order subpoena
without limitation,also able
share protect,data long
conflict law,specified purpose
use cookie,technical organizational
jurisdiction venue,better understand
described herein,request access
affiliate third,use specific
current complete,update change
use mail,share name
website accept,ensure compliance
may tell,com web
transfer storage,written request
information received,policy otherwise
sensitive personal,around site
advertising partner,response time
access personally,web beacon
marketing material,cooky cooky
submission information,browser help
sole discretion,authority country
us personally,physical address
rent lease,company purpose
believe may,use help
including mail,violation term
information technology,contain personal
agent representative,data process
possibility damage,free charge
website operated,standard contractual
information carry,contain link
giving effect,following way
opt future,order form
experience using,sensitive personal
also contact,log address
order help,telephone email
information term,page visited
include computer,based third
company share,please check
use tool,improve site
global privacy,disclose share
controlled third,shared object
protect confidentiality,marketing partner
application may,processed country
change continued,email may
content advertisement,information obtain
accuracy ensure,appropriate comply
consult browser,information control
feature service,receive personal
working interest,party include
described statement,connection information
properly may,resolution provider
including without,make purchase
additional privacy,data based
use personally,information accordance
certain personally,portability personal
server problem,information question
user access,perform function
correct inaccuracy,effective manner
accordance principle,legal representative
sell information,note may
company name,time contacting
server collect,contractual obligation
cause action,country including
may personally,offering may
party outside,name internet
data treated,request erase
safeguard protect,right make
measure place,send request
stored cookie,number information
retain use,request please
customer service,may limit
record keeping,see contact
address access,determine appropriate
address transmitted,sign newsletter
please also,information choose
fulfill request,others includes
contains information,information following
version website,provider process
secure guarantee,understand use
better understanding,information processing
company need,authorized law
provide visit,information legitimate
aggregate form,right right
may function,ask delete
storage processing,make clear
website knowingly,information order
18 year,time please
interest based,data consent
regarding site,response lawful
anonymous aggregate,may send
information user,information would
required order,step ensure
website even,purpose data
user account,consent given
take full,policy want
agree use,child 13
treatment payment,service using
managerial procedure,information never
inaccuracy personal,reporting obligation
website store,includes exchanging
past visit,completion merger
use non,social sharing
ad service,sell buy
file sent,public government
cooky store,change cookie
transaction maintain,client data
respond track,also contact
medium network,privacy safety
cooky analytics,page latest
demographic interest,visitor use
respond inquiry,consent please
providing personally,filling form
order may,another company
cookie used,asset acquired
subject following,create account
content third,collection personal
term set,right freedom
provide information,hosted third
marketing agreement,service behalf
access rectification,perform duty
address visitor,en van
information future,review correct
following link,applies personal
information consent,include third
claim demand,sending mail
information solely,receive newsletter
program designed,provide consent
shall responsible,policy take
name home,access correct
change term,question concern
virus worm,attn privacy
choose link,user device
consent transfer,time following
enable track,request provide
lost profit,receive source
encourages review,session cooky
affiliate include,may receive
specific person,newsletter marketing
website help,service example
application use,longer period
procedure protect,bankruptcy similar
together market,detail set
prospective customer,include address
information various,certain part
policy outline,information browser
using site,appropriate protection
partner help,consent processing
personal identifiable,protection legislation
adobe flash,order enforce
visitor web,relating particular
precaution protect,human resource
user experience,correct amend
file building,contest sweepstakes
collect third,email send
collect domain,necessary protect
law measure,clause approved
technology including,content personal
kind express,safeguard designed
step protect,requirement information
track user,activity time
service function,case personal
page visited,contact question
might able,business address
visiting site,responsible collection
copyright infringement,include information
website outside,also describes
make easier,track user
without telling,legitimate purpose
instruction included,location may
please let,information law
legal process,information company
use site,individual whose
permitted applicable,purpose cooky
time date,address listed
marketing email,use technology
information agree,networking platform
relationship management,around website
comment regarding,website mobile
social security,manage flash
site activity,et nous
sent browser,computer using
chooses share,local shared
adversely affect,law provide
regulatory request,information prospective
using website,commercial relationship
information need,still send
outside work,report activity
cookie computer,measure safeguard
site function,providing adequate
name company,information related
display information,credit risk
party except,within group
ask personal,reporting requirement
violation term,related information
site content,take measure
need information,cooky browser
nonpublic personal,opt marketing
service policy,please make
right property,legally required
number share,information protected
data associated,investigation suspected
site ask,include name
legal investigation,authorized third
information aggregate,data transferred
market financial,appropriate measure
copy personal,collected individual
internal purpose,machine readable
site navigation,faith disclosure
formal agreement,right opt
personally identify,et service
collect two,information automated
question complaint,use product
others credit,actual illegal
soon possible,link clicked
computer mobile,achieve purpose
user cooky,strictly necessary
operate website,user base
agree bound,connection investigation
contact representative,country information
placed computer,return website
shall free,complete transaction
usage pattern,right may
representation warranty,information make
related privacy,site cookie
continue use,use platform
purpose mean,request correction
give access,invoke binding
browser however,demographic information
device cooky,respond subpoena
data site,internet browser
may permit,encourage user
analytics tool,request consent
security confidentiality,way use
may identified,rectification erasure
policy change,notice site
consent data,including page
risk including,includes information
intentionally collect,required purpose
term policy,question use
technology may,information set
company address,concern use
held liable,downloading installing
condition applicable,party personal
federal court,website operate
example personal,without consent
policy order,administrative technical
two year,retain right
provide third,located country
13 delete,notice apply
policy privacy,provider perform
visit certain,exchanging information
merged another,security procedure
via survey,adequate protection
may directed,participation survey
policy web,provider collect
customer website,request via
cooky prefer,complaint regarding
processing may,information whether
control personal,information used
aggregate data,type information
site protected,right ask
available web,might also
request law,website business
visit site,practice may
registered office,provide level
company together,use share
receive service,effectiveness website
purpose however,collected used
disclose personally,vendor use
evaluate use,onward transfer
analytics information,manage advertising
individual individual,deliver service
regulation legal,content based
protect others,operate site
site site,connection business
information including,provider free
website experience,suspected actual
measure comply,information associated
site product,info choice
survey contest,certain functionality
read understood,stop receiving
opt service,law data
en el,service connection
access site,may request
information cookie,interest including
store cooky,law share
traffic site,access rectification
release information,used disclosed
use account,consent required
regulation law,want receive
server log,may exercise
information run,die die
internet browser,may contain
royalty free,medium site
year age,control personal
user device,needed provide
statement use,information held
contact may,collect address
website access,policy service
sell share,consent use
cooky used,may entitled
visitor use,access request
information consider,activity service
terminate account,prevent physical
browsing session,information file
exclusive property,law country
compile statistic,address send
program service,example name
statement may,similar tracking
use customer,page make
security number,website data
however reserve,complaint concern
number social,site analytics
billing information,principle privacy
loss misuse,information device
fulfill order,remove cooky
browser allows,policy mean
information manage,company help
respect use,party provide
site following,time information
circumstance shall,partner site
may updated,website gather
data name,web browser
committed respecting,local law
refuse use,fundamental right
fully understand,certain condition
computer using,try comply
via web,individual identified
access time,provided applicable
block cooky,service affiliate
website providing,owned operated
browser access,consent otherwise
browsing website,affiliate business
require information,example share
acceptance change,service offering
respect privacy,union membership
show ad,collected via
guarantee security,analyze visitor
regulatory requirement,protection policy
made available,need use
review privacy,loss misuse
information site,visit info
corporate transaction,compelling legitimate
address contact,class action
information responsible,accounting reporting
trusted partner,unresolved privacy
address password,safeguard personal
purpose provide,case may
website site,site usage
reasonable precaution,data longer
information reason,country country
information treated,privacy officer
comment question,user movement
know personal,previously collected
information policy,information third
decide change,reject cooky
understand information,european data
law question,privacy data
display network,identity granting
share information,information maintain
may one,violation law
web server,party help
cooky service,party dispute
always aware,system inc
server automatically,certain kind
occasionally update,site web
application service,outlined policy
employment information,information type
site including,software service
protection electronic,risk reduction
interaction service,connection bankruptcy
information computer,device information
use use,learn manage
agreement privacy,information example
perfect security,required law
provide individual,browsing habit
advertisement third,experience site
device example,cooky including
register provide,advertisement may
telling revealing,purpose including
collectively respect,may data
purpose determining,visitor come
new customer,request accordance
privacy user,place appropriate
may utilize,question complaint
future communication,knowingly collect
enforce policy,data loss
receive marketing,collected use
carefully understand,version operating
information better,policy question
web technology,provider agent
place cookie,order improve
requested may,log site
may choose,website including
guarantee accuracy,change way
special incidental,profile picture
safeguard place,privacy right
service account,purpose use
site without,court law
building also,need retain
data accuracy,one business
right limit,delete information
damage whatsoever,treat combined
visit may,may automatically
protected unauthorized,following right
marketing information,text file
understand website,right personal
may contacted,information aggregated
social medium,shine light
holding company,transfer processing
compile report,accept cooky
purpose website,small text
mail phone,appropriate physical
use certain,including third
provide may,advance notice
participation survey,public profile
job posting,level data
employee privacy,policy future
information determine,also known
offered site,provider business
choose register,relevant product
interact website,combine data
reasonable attorney,may provided
physical electronic,address password
time using,targeted advertising
web traffic,change becoming
placed device,others may
website stored,notice time
strict liability,right file
section site,security information
compatible purpose,provider partner
type domain,make complaint
identity verification,title company
collect maintain,treat personal
interest preference,use concern
service includes,subpoena legal
party case,policy encourage
website number,different privacy
